type,value
variable 1,-1.77631469016691
variable 1,1.64657632287532
variable 1,0.488817419851397
variable 1,-0.124094377926691
variable 1,-0.0235808204897442
variable 1,0.0633392229143902
variable 1,-1.12003877806003
variable 1,-0.588100796118183
variable 1,-0.910824156455993
variable 1,0.962126919708827
variable 1,-1.01869346346051
variable 1,-1.35875640761682
variable 1,1.24427385193651
variable 1,0.239585475810887
variable 1,-0.568272231735263
variable 1,-0.0103423314045569
variable 1,0.953989539491403
variable 1,-1.60633418356557
variable 1,1.26566678276414
variable 1,-1.79205408275276
variable 1,0.718862570787166
variable 1,0.114161283633124
variable 1,0.766087332515152
variable 1,0.4779682399818
variable 1,-0.307722929823103
variable 1,-0.603045323791256
variable 1,-0.23486140968107
variable 1,1.02798996488556
variable 1,1.16253110266955
variable 1,0.232048323842101
variable 1,0.402099878205056
variable 1,-0.495800637547683
variable 1,-1.61692856709375
variable 1,-1.32167688498653
variable 1,0.30307812291066
variable 1,1.53544912637131
variable 1,-1.19321384485454
variable 1,-0.137873941879154
variable 1,-1.45163314995325
variable 1,-0.297258222827512
variable 1,0.105896280654485
variable 1,1.91694220476315
variable 1,-0.198328764516995
variable 1,1.67752491649217
variable 1,1.54854238966108
variable 1,-1.40403900215512
variable 1,-0.151513125904659
variable 1,1.91027696636761
variable 1,-0.365013103801853
variable 1,-0.435740938063273
variable 1,0.0987419517106402
variable 1,-0.580780307908968
variable 1,0.0114739302343987
variable 1,0.313340953566299
variable 1,0.174708917631921
variable 1,-0.50282017411911
variable 1,0.856420261719245
variable 1,-0.280404317366103
variable 1,1.31929387042381
variable 1,1.70363595692657
variable 1,-0.872771229948977
variable 1,-1.24901499857157
variable 1,-0.684326977089372
variable 1,-0.749948150599547
variable 1,0.505884184475694
variable 1,0.336252872196366
variable 1,-0.922477692878372
variable 1,0.100576235503017
variable 1,-0.164312401515456
variable 1,-0.371742589529233
variable 1,0.907189866738376
variable 1,0.609577357183098
variable 1,1.43903689428755
variable 1,-0.190630994635708
variable 1,0.30902348323525
variable 1,1.08184489758
variable 1,0.19862997251326
variable 1,-0.757620749950119
variable 1,-0.34069362108153
variable 1,0.0797417552381486
variable 1,1.78600647032595
variable 1,-0.498319614504085
variable 1,0.253613753271703
variable 1,0.396110674892336
variable 1,-0.430653519500597
variable 1,0.265039244117706
variable 1,0.260080320604823
variable 1,0.0652738691947021
variable 1,-0.590794772943826
variable 1,0.838461892153048
variable 1,1.43960617559651
variable 1,0.649836010851656
variable 1,0.298419095616351
variable 1,0.421420032274433
variable 1,0.227899355827048
variable 1,0.692937492673722
variable 1,0.800267557423017
variable 1,-1.37079182443376
variable 1,0.248399389701904
variable 1,1.07159155498822
variable 1,0.692292654749765
variable 1,0.0748613708954729
variable 1,-0.509022531531418
variable 1,0.688580368712123
variable 1,-1.14207961336888
variable 1,1.33522496362082
variable 1,0.646981157326786
variable 1,0.24145740820343
variable 1,1.112578066954
variable 1,1.84746350454289
variable 1,-0.51551960161722
variable 1,-0.834718975927522
variable 1,1.12780324488107
variable 1,-1.42818755068781
variable 1,0.502994274683518
variable 1,-0.408036709216105
variable 1,-0.916053528128831
variable 1,0.171935068523988
variable 1,0.0177353651858595
variable 1,-1.12699480905614
variable 1,0.515713800460095
variable 1,0.211497494681865
variable 1,-0.0703845474656272
variable 1,0.477555349388922
variable 1,1.1907504269784
variable 1,0.438662436279123
variable 1,1.09681416913652
variable 1,1.04642638367958
variable 1,-0.350340579926685
variable 1,-0.504287804342402
variable 1,-0.357033894494894
variable 1,-0.279120761608134
variable 1,-0.142910807253543
variable 1,-0.649613057205143
variable 1,-1.59551038454701
variable 1,0.350312636838644
variable 1,-0.748651208756859
variable 1,0.54912673347707
variable 1,0.563648804697956
variable 1,1.27863699859648
variable 1,-1.05020132574171
variable 1,0.349456142545891
variable 1,-0.85529139246364
variable 1,1.2173302185765
variable 1,-0.276582159953143
variable 1,0.31166706086929
variable 1,-0.426473665648378
variable 1,2.57436679725317
variable 1,-0.306402842977318
variable 1,0.920823434599499
variable 1,1.77928310419017
variable 1,0.532089059303082
variable 1,-0.633622557431526
variable 1,-0.635607414281638
variable 1,-0.1296257274616
variable 1,-0.0707379424381593
variable 1,0.840500220944046
variable 1,0.0842389370223095
variable 1,0.932604325419917
variable 1,-1.18941740821727
variable 1,-0.8955586794962
variable 1,0.736684114686044
variable 1,-1.34283704860041
variable 1,-0.685773911079547
variable 1,0.0139522732158818
variable 1,1.81591896124438
variable 1,1.03264757482343
variable 1,0.950339092976834
variable 1,0.038843225798471
variable 1,-1.34936449505282
variable 1,0.0908859444314637
variable 1,1.14060291801025
variable 1,1.68655614831337
variable 1,-0.25768628809786
variable 1,0.77961971895373
variable 1,0.116639770156707
variable 1,0.146771422317187
variable 1,0.349030934390303
variable 1,-1.60696020657892
variable 1,-0.527450691901211
variable 1,0.654963301991331
variable 1,0.744371460678533
variable 1,-0.970162671920518
variable 1,-1.4346980779679
variable 1,0.781818276405243
variable 1,0.823496710682671
variable 1,-0.880534277781444
variable 1,1.23673386611523
variable 1,-0.174329125997129
variable 1,0.0320351714224449
variable 1,-0.166233174030385
variable 1,1.90205778442266
variable 1,-0.786138132229225
variable 1,0.262080805008428
variable 1,0.291954354843401
variable 1,-0.508125905601758
variable 1,0.905800599803613
variable 1,1.21090080678689
variable 1,1.1365094664158
variable 1,0.0476315215848367
variable 1,0.34705160003871
variable 1,0.111742782796895
variable 1,-0.8213374787026
variable 1,1.33114118062915
variable 1,-1.90354314855266
variable 1,1.12748418261124
variable 1,1.71575052918318
variable 1,-0.944940062709235
variable 1,-1.96390566728158
variable 1,-1.63083959739529
variable 1,0.654002492706821
variable 1,-1.55406764647858
variable 1,-1.74596274956721
variable 1,0.626530905299107
variable 1,0.103547478692159
variable 1,-0.240260655503409
variable 1,0.337912097792632
variable 1,-0.210724232695212
variable 1,-0.198800373781965
variable 1,1.6974584469881
variable 1,-0.448695424820659
variable 1,0.188948814199613
variable 1,0.696134904203245
variable 1,-1.13443199905912
variable 1,-0.527405473265847
variable 1,0.619124592245063
variable 1,-0.440673891483413
variable 1,0.425955895338581
variable 1,-0.0251200760504208
variable 1,0.741147682949136
variable 1,-2.10158962039462
variable 1,-1.256567337705
variable 1,-2.07466967934614
variable 1,-0.142487223576348
variable 1,1.50386886884296
variable 1,0.102302564026395
variable 1,0.922742091546596
variable 1,-1.34126567015426
variable 1,0.0665358539383805
variable 1,0.509245659614518
variable 1,-1.51271743272799
variable 1,-0.407070361780782
variable 1,-0.457005018240274
variable 1,1.18311228497644
variable 1,0.747630499696016
variable 1,0.825267452697861
variable 1,1.02410589451897
variable 1,-0.0678063530763343
variable 1,0.439645503232819
variable 1,1.19282643582904
variable 1,-1.08957561099067
variable 1,-1.14287110339942
variable 1,0.800297879226223
variable 1,0.706005333015349
variable 1,-0.19696954414309
variable 1,-0.100172765982082
variable 1,0.85323217151236
variable 1,1.28191208150568
variable 1,-0.0459085989689733
variable 1,-1.29685963053915
variable 1,1.22305466707461
variable 1,-2.78593335097539
variable 1,0.357015256979645
variable 1,0.560681113452721
variable 1,0.430188869751462
variable 1,0.209398070370287
variable 1,-0.624053358791984
variable 1,-0.350092658564894
variable 1,0.361170355224208
variable 1,0.733625529445184
variable 1,-0.409440889637936
variable 1,0.384145741587682
variable 1,0.463646204787893
variable 1,0.509320772049528
variable 1,-0.347902983570553
variable 1,-0.833555622941997
variable 1,-0.928315063137006
variable 1,1.1880024450548
variable 1,1.85995197635261
variable 1,0.853371129822413
variable 1,-1.31574619843078
variable 1,-0.0905793150376138
variable 1,0.0556576492520869
variable 1,-0.189903457995174
variable 1,-1.80053400013445
variable 1,0.314929091666782
variable 1,-0.936395258843109
variable 1,1.81345001529216
variable 1,-1.30849434293259
variable 1,1.45481321474949
variable 1,-3.50594421731902
variable 1,1.86498599523494
variable 1,2.61580570493104
variable 1,0.244160938798585
variable 1,-1.59040828280344
variable 1,-0.657119286040774
variable 1,1.11444808130286
variable 1,-0.756956990191673
variable 1,-2.16573117871612
variable 1,0.334368462149139
variable 1,0.12751507398452
variable 1,-0.669669113127795
variable 1,0.585390552933652
variable 1,0.348456258267102
variable 1,0.851253548397375
variable 1,1.01797434491064
variable 1,-1.80453812602563
variable 1,-1.29179086491562
variable 1,-1.71851690340551
variable 1,1.23291763341473
variable 1,0.192114834586251
variable 1,-1.2879616787075
variable 1,0.259613659151695
variable 1,-0.98050522355092
variable 1,-1.18448271636462
variable 1,-0.462754915392224
variable 1,-0.23714096790591
variable 1,0.625998926835165
variable 1,-0.614556524885064
variable 1,1.52785311208555
variable 1,-2.13101395991171
variable 1,0.67817812651585
variable 1,-0.715549322466154
variable 1,-0.0269733334480004
variable 1,0.960245200021654
variable 1,1.00718093684254
variable 1,0.794558620182907
variable 1,1.51715982597433
variable 1,0.194986728531335
variable 1,-0.867360351000256
variable 1,-0.091398815769171
variable 1,-0.0567381272147842
variable 1,1.5761890026181
variable 1,0.408958553776662
variable 1,-1.17731408667032
variable 1,0.147329556272223
variable 1,-0.711080651195667
variable 1,0.952091865504397
variable 1,1.0353037984167
variable 1,0.323605496034808
variable 1,-0.392341404388882
variable 1,-0.435304640841965
variable 1,-0.228510719181855
variable 1,-1.16351083945058
variable 1,-0.881261066499063
variable 1,-0.702746758569098
variable 1,-1.00335379087253
variable 1,2.20792450457246
variable 1,0.425077201990368
variable 1,-0.792647028018007
variable 1,0.770152749529976
variable 1,0.95628163309937
variable 1,-0.555920987985749
variable 1,0.943823532953522
variable 1,0.802353914995272
variable 1,0.45245718674193
variable 1,1.4844471728045
variable 1,0.575965658844219
variable 1,-0.0537687907622965
variable 1,-0.393649257430987
variable 1,-0.54832600959828
variable 1,0.91384710044939
variable 1,0.256801025885881
variable 1,-0.642588585387068
variable 1,-2.41131739462017
variable 1,-1.57708847791836
variable 1,1.47152939995423
variable 1,1.23503160569005
variable 1,-1.30586019615921
variable 1,-0.618103014746121
variable 1,-0.721038405192118
variable 1,0.534591680218683
variable 1,0.408641346887846
variable 1,1.3390983756701
variable 1,-0.0667192709887128
variable 1,1.07425969038637
variable 1,0.726486120773545
variable 1,-0.178628757124002
variable 1,-1.55734586374734
variable 1,0.814331625152238
variable 1,0.698428895318392
variable 1,0.25129851505021
variable 1,0.849758472486651
variable 1,0.694852873523169
variable 1,0.611186309883227
variable 1,-1.43459272198634
variable 1,0.128785789005622
variable 1,0.495702024060098
variable 1,2.51074916442246
variable 1,-0.482248626663133
variable 1,-0.134069112613607
variable 1,-1.36806029998031
variable 1,0.702598961836526
variable 1,0.258910599880245
variable 1,0.589391094903451
variable 1,0.0262642512813902
variable 1,1.13057339639464
variable 1,1.07910189654172
variable 1,-2.43881479019546
variable 1,-0.746997308205242
variable 1,1.69230881949704
variable 1,-1.33320573274152
variable 1,1.48476385353151
variable 1,-1.09199484626742
variable 1,-0.818443438104646
variable 1,-1.04895555200285
variable 1,-0.593275958365904
variable 1,-0.900608699746879
variable 1,0.718550122114772
variable 1,0.244267142541887
variable 1,0.216210791381863
variable 1,1.06260829549735
variable 1,0.801209126774246
variable 1,1.09516318167776
variable 1,0.135512951152735
variable 1,-0.536360170526738
variable 1,-0.00218844256893489
variable 1,-0.377929201983968
variable 1,0.20941041943815
variable 1,-0.0567085388024048
variable 1,1.10412186996891
variable 1,0.668775407739912
variable 1,0.549229919378919
variable 1,0.240744899907173
variable 1,-0.503621584518574
variable 1,-0.533704367472546
variable 1,0.975936890217842
variable 1,0.154360662715599
variable 1,-0.356990401961095
variable 1,0.200014957558072
variable 1,-2.17716931519937
variable 1,1.14559785431086
variable 1,-0.55314812603638
variable 1,0.269782269015066
variable 1,0.127354472049115
variable 1,0.708799516797812
variable 1,-0.307474146117214
variable 1,1.34567340237831
variable 1,0.787033757610007
variable 1,-0.49120928241567
variable 1,-1.65291848583832
variable 1,0.0233363815704592
variable 1,0.767319688217159
variable 1,-0.381012428642754
variable 1,-0.472108130875811
variable 1,0.75743175335856
variable 1,-0.653822070610848
variable 1,1.31219981094986
variable 1,-1.89101612848005
variable 1,-0.478066276256009
variable 1,1.95236405088342
variable 1,-0.39876917881868
variable 1,-2.03730131384219
variable 1,-0.419577516260083
variable 1,0.466747718339508
variable 1,-0.325162541522102
variable 1,-0.240425898522446
variable 1,1.64225638104815
variable 1,-0.590470884454383
variable 1,1.54499841246943
variable 1,0.919376076795626
variable 1,-0.946235577475321
variable 1,1.98750364846889
variable 1,-0.104496120975884
variable 1,0.211523205021308
variable 1,-0.506471754617422
variable 1,-0.683457028553245
variable 1,-0.600409090977575
variable 1,-0.83648334445122
variable 1,-0.139671172557107
variable 1,0.438545833301776
variable 1,0.140162903399619
variable 1,-1.20110911068291
variable 1,-1.77708359932295
variable 1,0.111208157579262
variable 1,-0.0773322337300189
variable 1,-0.148505450939909
variable 1,-0.379423118934028
variable 1,0.343555461976724
variable 1,1.09949938549779
variable 1,-1.27348100606617
variable 1,-1.19223807489702
variable 1,1.87153444150842
variable 1,1.19449311514391
variable 1,0.722523091147097
variable 1,-0.0318172221236906
variable 1,-0.198589072731269
variable 1,-1.06061982310181
variable 1,0.141612140858491
variable 1,-0.943999295373735
variable 1,-0.161573962089914
variable 1,2.64634769294747
variable 1,1.48262949746228
variable 1,-0.338623512664429
variable 1,1.22089613261726
variable 1,-0.634293086122909
variable 1,0.442385291552865
variable 1,-0.298724171135196
variable 1,1.05510687193814
variable 1,1.2281328615261
variable 1,0.656463265121104
variable 1,0.360115698736818
variable 1,-2.1735844979327
variable 1,-1.50590458762652
variable 1,-0.837406317114121
variable 1,0.0516485842107923
variable 1,1.30960492954656
variable 1,-0.271783667392857
variable 1,1.07046070117244
variable 1,0.675448791980992
variable 1,1.58832986836535
variable 1,1.85995824757993
variable 1,-0.0863002769898336
variable 1,-1.39052097211725
variable 1,-0.452286269709715
variable 1,0.564328426881463
variable 1,-0.416085258025054
variable 1,0.772625964816034
variable 1,-1.23951613057692
variable 1,-1.65937409466501
variable 1,1.23551059139762
variable 1,-0.478167300649581
variable 1,1.56143040977733
variable 1,0.864999613288115
variable 1,0.204634205971248
variable 1,0.286373323932789
variable 1,-2.07569973399254
variable 1,0.719118425624412
variable 1,2.48088605848923
variable 1,-0.678755631723779
variable 1,-1.23912416738401
variable 1,0.0565469153540672
variable 1,-1.28167314550816
variable 1,0.594029495624233
variable 1,-0.598419552540801
variable 1,-1.20562589909205
variable 1,0.452490129170124
variable 1,-0.620200319430699
variable 1,-1.95018601323985
variable 1,-1.17105017974242
variable 1,0.0843009018294492
variable 1,-1.3902269852843
variable 1,0.30907773078812
variable 1,0.155271656300751
variable 1,-0.292616056630591
variable 1,0.30181096859034
variable 1,-0.0372201896753214
variable 1,0.358217778065714
variable 1,-0.307952851072267
variable 1,-0.515550867943546
variable 1,0.340734245577699
variable 1,-1.45449692848265
variable 1,2.01506591609875
variable 1,2.36851476754157
variable 1,0.67349841590729
variable 1,0.395597110481871
variable 1,1.2544127064985
variable 1,1.30817302720366
variable 1,-0.257135171895442
variable 1,-1.25540735486299
variable 1,0.827899047339341
variable 1,0.619205004983409
variable 1,2.34232223209564
variable 1,0.130147101490965
variable 1,0.397062732412453
variable 1,1.05808598734961
variable 1,-0.461205296811059
variable 1,-1.48514533302868
variable 1,1.92745573885298
variable 1,0.99330567296386
variable 1,1.65300452265034
variable 1,-0.42850566181871
variable 1,-2.01422486527963
variable 1,0.598436981843468
variable 1,1.8901078443881
variable 1,1.23419978317447
variable 1,-1.81894481658391
variable 1,0.932209241294651
variable 1,0.31388858812648
variable 1,-1.4356775794975
variable 1,-0.287092157131634
variable 1,1.37398803182363
variable 1,1.37696098745949
variable 1,-0.857054033101197
variable 1,0.476170700260757
variable 1,-0.179819111767417
variable 1,-1.3592352253486
variable 1,-1.35080555511003
variable 1,-1.11446613141611
variable 1,1.63533858296185
variable 1,0.751479016710911
variable 1,-0.723091269122939
variable 1,0.122740086396294
variable 1,1.22830402380792
variable 1,-0.521883896854516
variable 1,-1.49736107004879
variable 1,-0.889470837281296
variable 1,-0.56091862262184
variable 1,0.210800631548912
variable 1,0.716279387716621
variable 1,-0.415651237478095
variable 1,-0.953698329025762
variable 1,1.31934752015253
variable 1,-0.0619696421617973
variable 1,1.34313619939034
variable 1,-0.292932505314644
variable 1,0.110486398224234
variable 1,-0.34385836949526
variable 1,-1.40606275705706
variable 1,1.42495180326693
variable 1,0.228682860675508
variable 1,-0.121139545225128
variable 1,2.08623124339571
variable 1,-0.93244485233178
variable 1,0.835049428740539
variable 1,2.86665648837723
variable 1,-0.72717636534863
variable 1,1.04404071930327
variable 1,-0.81284179301742
variable 1,-0.961741013428974
variable 1,0.340739442985552
variable 1,-1.07843520059911
variable 1,0.992115397180361
variable 1,0.101196777411518
variable 1,1.31504183639461
variable 1,0.262679742336339
variable 1,-0.848042449282639
variable 1,-0.822011786339723
variable 1,-2.75671593356607
variable 1,0.235086108349832
variable 1,-1.75744239240497
variable 1,1.53667150788009
variable 1,0.615300868673721
variable 1,2.47125825466308
variable 1,2.85988571444325
variable 1,-1.4853248148956
variable 1,1.19674661675338
variable 1,0.340910688229329
variable 1,-1.16004620026345
variable 1,-0.643644201929467
variable 1,-1.2792654454047
variable 1,0.378906748744274
variable 1,0.0831542434082756
variable 1,0.0412592987609482
variable 1,-0.472557573670961
variable 1,-0.495112648340786
variable 1,-2.88788351932443
variable 1,-0.468857292384786
variable 1,0.380633087147368
variable 1,-1.11131853725848
variable 1,1.46480932606847
variable 1,0.873771613027574
variable 1,-0.951421857667963
variable 1,0.448073368615977
variable 1,-0.0454679686054943
variable 1,-0.642674811717771
variable 1,-1.28721823786927
variable 1,0.926392065335381
variable 1,0.261795805515844
variable 1,-1.24168885477745
variable 1,0.21446312666819
variable 1,1.61653274558845
variable 1,0.0105465198606492
variable 1,-0.283020399521008
variable 1,-0.895316609851309
variable 1,1.67761510926703
variable 1,-0.777270547486444
variable 1,-1.12809846823464
variable 1,2.00245036025985
variable 1,-0.361331264603911
variable 1,-0.0950489381093848
variable 1,-0.149432673544347
variable 1,0.183817004924402
variable 1,0.35328238837331
variable 1,-0.747645699579441
variable 1,1.12647074668127
variable 1,-1.14831472736523
variable 1,-1.35632307540433
variable 1,0.845581187678951
variable 1,-0.424235251570954
variable 1,1.38701473870691
variable 1,0.810573052431407
variable 1,0.759959788074483
variable 1,-0.399035632394402
variable 1,0.679693002668364
variable 1,-1.29446281313636
variable 1,0.982098324007749
variable 1,0.532587244020208
variable 1,1.07700058702766
variable 1,1.4132554422486
variable 1,0.811880317757234
variable 1,-0.527932508875404
variable 1,-1.14808214077555
variable 1,-0.67039696053621
variable 1,1.07534322864821
variable 1,-0.28494457742136
variable 1,0.632440305933603
variable 1,-1.91727675574744
variable 1,0.564183890368849
variable 1,-0.151407118526608
variable 1,-1.484108730742
variable 1,-0.447659228581837
variable 1,-0.780923166975598
variable 1,-0.312472816348511
variable 1,-0.776090057082163
variable 1,-0.18597282869414
variable 1,0.608726945996968
variable 1,1.0196725829307
variable 1,0.749180941324865
variable 1,0.262663865487365
variable 1,0.74598713375227
variable 1,-0.551706118843498
variable 1,-0.261392814349022
variable 1,0.391510520629434
variable 1,-1.41746892521068
variable 1,0.494105309056791
variable 1,0.536431780823202
variable 1,0.602106740681958
variable 1,-0.572206682586419
variable 1,0.82133402831883
variable 1,-1.59228521022665
variable 1,0.0141782772878216
variable 1,0.275205224963036
variable 1,-0.387743049316094
variable 1,0.133971888298983
variable 1,1.00878094378271
variable 1,-0.55806241164559
variable 1,-0.547623278823479
variable 1,0.0140375791838019
variable 1,2.08514166700316
variable 1,0.160326240239758
variable 1,-1.81241749919008
variable 1,-0.207021445650255
variable 1,1.92060782910034
variable 1,0.0752804246881621
variable 1,-1.24890832599232
variable 1,-0.220720796570181
variable 1,-0.0586963988096726
variable 1,0.460375199277795
variable 1,-0.656008596961268
variable 1,0.532151536378986
variable 1,-0.908602729129699
variable 1,0.717314345337335
variable 1,0.121007155382388
variable 1,-0.599600153817115
variable 1,0.451207497985254
variable 1,0.152174806807856
variable 1,0.209477124455222
variable 1,0.433992298889997
variable 1,-1.29089825799811
variable 1,-1.61163354085241
variable 1,2.08165272658594
variable 1,0.4935829415854
variable 1,2.15458344191751
variable 1,-1.25936024020768
variable 1,-0.874885908813823
variable 1,-1.38024174499362
variable 1,-0.405261328006398
variable 1,-0.509524596850097
variable 1,0.200324931607767
variable 1,1.62460098386898
variable 1,-0.503163284522945
variable 1,1.64687056476687
variable 1,-0.203664326940486
variable 1,1.16978556881425
variable 1,0.766104389661304
variable 1,-0.61405372366008
variable 1,0.521655228249976
variable 1,0.163530849820609
variable 1,-0.570806046478196
variable 1,0.497586868863842
variable 1,-1.18605315375422
variable 1,-1.20470400038851
variable 1,0.471154740579346
variable 1,-0.687473102364755
variable 1,-0.340944155257588
variable 1,-0.98009351021655
variable 1,-0.14274727304765
variable 1,-0.780563371064499
variable 1,0.590776402230727
variable 1,1.40775365437373
variable 1,-1.01823561912732
variable 1,1.8327390408009
variable 1,-0.857368193176295
variable 1,-0.438374179570676
variable 1,-0.57770687043757
variable 1,0.53823824340867
variable 1,-0.032656742322889
variable 1,-0.874452528948422
variable 1,-1.04599109604584
variable 1,0.420121618471219
variable 1,1.42648262064021
variable 1,-0.223177397316805
variable 1,-0.824705632573846
variable 1,0.30858774332699
variable 1,0.632073728586436
variable 1,0.913149902773845
variable 1,-0.615007524393076
variable 1,0.877215363427896
variable 1,0.516916838469275
variable 1,1.01725928405555
variable 1,-0.592963645134916
variable 1,-0.22965495457479
variable 1,1.67864125428678
variable 1,-0.129492938122675
variable 1,0.262188493064098
variable 1,-1.33080420694815
variable 1,-0.0219829524008097
variable 1,0.912671934572519
variable 1,0.50141783677902
variable 1,0.326457529101651
variable 1,0.347999952656108
variable 1,-0.285975684354228
variable 1,-0.529904461495489
variable 1,0.323035439718
variable 1,-0.832443603629278
variable 1,0.431754199751727
variable 1,0.905228758240486
variable 1,-1.02822021066921
variable 1,-1.86431415852055
variable 1,0.495288341561458
variable 1,-0.0801250897344454
variable 1,0.133082658406885
variable 1,-0.453803617207271
variable 1,-1.03876183554865
variable 1,-0.318517743918652
variable 1,0.138228825192388
variable 1,-1.24246264214053
variable 1,-1.70506782857474
variable 1,0.141844370509377
variable 1,-1.27275008942505
variable 1,-0.0434924843026766
variable 1,-0.91906068691175
variable 1,-0.886769575532302
variable 1,0.782037234707943
variable 1,1.8598697914717
variable 1,-0.216010798086449
variable 1,1.10322668112569
variable 1,0.341739822127313
variable 1,-1.17783802369831
variable 1,0.408162357825023
variable 1,0.63251581343465
variable 1,1.24235231214653
variable 1,-0.571712429658314
variable 1,-1.86990003425807
variable 1,-0.164041800434492
variable 1,-2.17624169623109
variable 1,1.82493086303235
variable 1,1.22478770629731
variable 1,1.81092080526663
variable 1,0.685270504768254
variable 1,-0.547620279231571
variable 1,0.142845528110485
variable 1,1.6087439934666
variable 1,-0.410793412530354
variable 1,0.961333960175801
variable 1,-1.05036510186733
variable 1,-0.808299080460989
variable 1,0.653763552651453
variable 1,0.353629614875469
variable 1,2.4781302607924
variable 1,-0.164991845052828
variable 1,0.382542070822413
variable 1,-1.09023566558401
variable 1,1.23532342894693
variable 1,1.55542359199315
variable 1,0.24759410248237
variable 1,1.39757641355161
variable 1,-0.724537548865583
variable 1,-0.87375117672738
variable 1,0.227340031753763
variable 1,1.81781928723273
variable 1,-0.240400424992919
variable 1,-0.660260746017571
variable 1,1.07873366713949
variable 1,-1.45929980170279
variable 1,0.842837768030142
variable 1,-1.0843440245915
variable 1,-0.148834433609813
variable 1,-1.46844259986115
variable 1,1.33260587436836
variable 1,0.51484887569917
variable 1,1.24231879601992
variable 1,0.225283424471205
variable 1,1.91877581151417
variable 1,1.76309688897762
variable 1,-2.32918670890843
variable 1,0.221417716169295
variable 1,-0.412521716374191
variable 1,-0.482495551775325
variable 1,-1.49940547501053
variable 1,-0.046260592822585
variable 1,1.72812501185015
variable 1,0.649691569628414
variable 1,0.369680074933985
variable 1,-1.87196622888645
variable 1,-0.260933043881513
variable 1,-0.615227665157141
variable 1,-0.331154076232479
variable 1,1.21057189019311
variable 1,-0.576355799624985
variable 1,-0.98375374366599
variable 1,0.0569107971511641
variable 1,0.0683031784636413
variable 1,-0.0797434408958469
variable 1,0.0974688288292297
variable 1,-1.05549186426937
variable 1,-2.1251322044854
variable 1,1.31893092063992
variable 1,0.593337633390877
variable 1,1.16232701720332
variable 1,1.18194029077801
variable 1,1.11755593481262
variable 1,0.867270654334035
variable 1,-0.412088909216928
variable 1,-0.877085117231653
variable 1,0.352550856342501
variable 1,1.0461877168671
variable 1,-0.184984158842206
variable 1,0.850192735236842
variable 1,-0.165300513829091
variable 1,0.971286820358688
variable 1,0.085894266391598
variable 1,-1.74454895398468
variable 1,2.39945642594414
variable 1,-6.11747406349804e-05
variable 1,-0.0816608750454089
variable 1,-1.66227487093112
variable 1,-1.57216998319334
variable 1,-0.410901470624614
variable 1,-1.07355170717043
variable 1,0.470081101287491
variable 1,-1.25894797990535
variable 1,-0.303300735224903
variable 1,-3.26402378242533
variable 1,1.20767932026504
variable 1,1.20954005262099
variable 1,-1.66679640838004
variable 1,0.638225235620041
variable 1,0.796098327177592
variable 1,-0.268470584446244
variable 1,-0.594943615070936
variable 1,-0.918766799234585
variable 1,-1.08782028845848
variable 1,0.129658122519403
variable 1,0.486383501607885
variable 1,-0.213078610803258
variable 1,0.362871929076757
variable 1,-1.25066423826388
variable 1,0.251364121086521
variable 1,0.220617231779298
variable 1,-2.11066592166223
variable 1,0.421331802325743
variable 1,-0.484780208073652
variable 1,1.70044400704093
variable 1,2.35512807436571
variable 1,-1.25397625868407
variable 1,-0.503285062829127
variable 1,0.436976296248792
variable 1,0.615523526744162
variable 1,0.138728714406229
variable 1,1.14475993711051
variable 1,-0.950579961225688
variable 1,0.473700263937331
variable 1,2.28546032597365
variable 1,0.0503286910416296
variable 1,1.51349622017072
variable 1,-0.0141290927753844
variable 1,-0.546444985722314
variable 1,-0.00845901408276695
variable 1,-1.45594264191826
variable 1,-0.424389887041976
variable 1,-0.357267062061069
variable 1,0.0979987960465006
variable 1,-0.383695677476418
variable 1,0.81112004184662
variable 1,-1.23221509344734
variable 1,1.01753093793033
variable 1,-0.499592088573252
variable 1,1.22352371088843
variable 1,-0.129659566392772
variable 1,-0.279517027704935
variable 1,-0.577580236771149
variable 1,0.832641295963345
variable 1,-0.664285541727547
variable 1,1.22392595347933
variable 1,1.2944878237605
variable 1,-0.269668690297391
variable 1,1.49823284538012
variable 1,-1.0932957727146
variable 1,-0.837536360650845
variable 1,-0.850635128077276
variable 1,-1.24808813926818
variable 1,-0.778730461920734
variable 1,-0.666522484845759
variable 1,0.635452586113947
variable 1,-0.479578977429342
variable 1,-1.06251645715651
variable 1,-1.86311900688074
variable 1,0.395935082114742
variable 2,1.92715703780071
variable 2,3.01175005106708
variable 2,2.29286470737091
variable 2,4.16520266886014
variable 2,3.77175941579828
variable 2,4.56319387998927
variable 2,4.44265981147223
variable 2,3.85872271791127
variable 2,2.92021671051106
variable 2,3.66899028801479
variable 2,4.05029835156948
variable 2,2.77504697141501
variable 2,2.91900477750825
variable 2,5.41824782623836
variable 2,2.96720990465816
variable 2,5.52539120872203
variable 2,2.82879641058106
variable 2,3.94364775876168
variable 2,3.30672778292722
variable 2,6.19769792272544
variable 2,5.11232219557474
variable 2,2.19884961773764
variable 2,4.63162616941453
variable 2,5.0611413779667
variable 2,4.98652198716552
variable 2,5.00122090079423
variable 2,3.36454880002254
variable 2,4.53607212488818
variable 2,4.58655741660547
variable 2,5.12514456799041
variable 2,4.52282041586771
variable 2,3.95900361866147
variable 2,5.29854589869785
variable 2,3.18425198999098
variable 2,6.11050670087703
variable 2,4.43350484691411
variable 2,4.68849900822886
variable 2,2.06661446503321
variable 2,3.0915663392481
variable 2,4.52206802579118
variable 2,4.28195580825486
variable 2,2.54146215741104
variable 2,5.61912663725297
variable 2,4.40661085588452
variable 2,2.86889229921107
variable 2,3.61231474078335
variable 2,4.03496681416056
variable 2,3.81443447869046
variable 2,2.80633261679899
variable 2,5.03488220803178
variable 2,4.37795731619215
variable 2,2.5129424096776
variable 2,4.77206153452628
variable 2,2.7981210507338
variable 2,4.25154026220093
variable 2,5.28822247037937
variable 2,2.99802733632814
variable 2,4.45724794438583
variable 2,3.71838173610415
variable 2,4.75830165539873
variable 2,2.83048342678804
variable 2,3.42975112275818
variable 2,2.62951409242299
variable 2,6.5817699293072
variable 2,4.65585012623052
variable 2,4.44784932761291
variable 2,3.09745874347423
variable 2,3.55615118380916
variable 2,4.31987334140467
variable 2,3.22173288354147
variable 2,3.39628626890808
variable 2,2.6690055403316
variable 2,4.93217989135242
variable 2,3.11387414461427
variable 2,3.66580717783073
variable 2,5.05352622130446
variable 2,4.9566697052665
variable 2,3.17694932876715
variable 2,3.77897407341246
variable 2,2.51247275670549
variable 2,4.43142151984478
variable 2,2.66707677744665
variable 2,3.18870034001533
variable 2,5.17156219582984
variable 2,2.99585677434194
variable 2,3.55401495014793
variable 2,4.53041996703601
variable 2,3.61661436501126
variable 2,5.3319935002367
variable 2,4.6249855024301
variable 2,3.80026878384996
variable 2,1.87972109856866
variable 2,3.06908723750622
variable 2,2.51973309294538
variable 2,3.71652832497142
variable 2,4.0234359540261
variable 2,2.75307871973158
variable 2,4.03188368518866
variable 2,5.61280427655634
variable 2,5.73728195003297
variable 2,4.63310278291583
variable 2,3.27126947697808
variable 2,3.08981798548539
variable 2,4.82078572762278
variable 2,3.55893819208197
variable 2,5.13606413462996
variable 2,2.85128022090342
variable 2,2.41511003227178
variable 2,4.83895265573949
variable 2,5.40956668071133
variable 2,4.4734686136171
variable 2,4.51949664334318
variable 2,4.72739225916055
variable 2,3.31046955195161
variable 2,3.68876540669797
variable 2,4.23978630656545
variable 2,3.43414020832626
variable 2,4.16008657657895
variable 2,2.68837859007252
variable 2,3.96825859423304
variable 2,5.97015900449687
variable 2,4.58438041043834
variable 2,4.29146306562372
variable 2,2.68199441689061
variable 2,3.39829946100657
variable 2,6.18562121555244
variable 2,4.14251446206136
variable 2,3.09708446679203
variable 2,6.16872334246871
variable 2,4.20689657782731
variable 2,5.12232373603286
variable 2,4.80367249913822
variable 2,6.07121644300021
variable 2,5.21172812807103
variable 2,3.34821417514141
variable 2,5.4764008478353
variable 2,4.15061580830985
variable 2,2.23010849662051
variable 2,4.9602466052069
variable 2,3.35807631018362
variable 2,4.57404254548779
variable 2,4.21816668423118
variable 2,4.31115387997542
variable 2,3.14471211694101
variable 2,4.23777639764956
variable 2,3.69114359707396
variable 2,3.38126800986096
variable 2,5.27594801810313
variable 2,3.37809450622227
variable 2,4.26655909160311
variable 2,4.09610021079029
variable 2,1.3112109424973
variable 2,4.7437370338061
variable 2,5.42719271369582
variable 2,4.03236222641869
variable 2,5.30405492758638
variable 2,2.90613372604675
variable 2,3.12317666875359
variable 2,3.04047991991044
variable 2,4.81329189977148
variable 2,4.1828794789652
variable 2,5.32036891075834
variable 2,6.12566946361527
variable 2,4.22901062881276
variable 2,5.89802310828919
variable 2,3.20846842172331
variable 2,4.49076676222116
variable 2,4.75455976104005
variable 2,4.27211343089341
variable 2,3.9217360348271
variable 2,3.7809936011136
variable 2,4.14658838172615
variable 2,3.962649953656
variable 2,3.72626077491568
variable 2,2.80484050884585
variable 2,5.05924005643902
variable 2,4.9625478459314
variable 2,3.14521262570732
variable 2,4.41417705623449
variable 2,3.9048114136324
variable 2,3.51842200430475
variable 2,4.52398413240507
variable 2,4.00854356227864
variable 2,4.84945124913855
variable 2,5.01018780826482
variable 2,4.33794718936546
variable 2,5.10620179530999
variable 2,4.1376913505229
variable 2,1.70064283612053
variable 2,4.71456332914854
variable 2,4.94060606718717
variable 2,5.25686538016987
variable 2,4.12843526660127
variable 2,3.49772457882282
variable 2,3.88463714489871
variable 2,3.24782873116194
variable 2,3.92998203741783
variable 2,2.22540997708289
variable 2,3.39719975928829
variable 2,4.64579172255258
variable 2,3.42760766756894
variable 2,3.30298340270161
variable 2,3.70714046232464
variable 2,3.46064779290549
variable 2,5.11814923075914
variable 2,4.27840373085733
variable 2,6.07335780338459
variable 2,2.79915574974699
variable 2,4.11263051985816
variable 2,5.46767295388467
variable 2,3.37380640495842
variable 2,4.20838460971392
variable 2,4.80971956019262
variable 2,2.72485989625263
variable 2,3.58000558682711
variable 2,4.30271257981931
variable 2,4.11838704387818
variable 2,2.95821464346227
variable 2,4.01225659207715
variable 2,4.60625715339232
variable 2,4.14374100782446
variable 2,3.1801695259638
variable 2,4.2142833618192
variable 2,3.72083732873316
variable 2,4.31579244515041
variable 2,4.08534688008329
variable 2,4.68492112527021
variable 2,3.39879038526059
variable 2,4.12671539330013
variable 2,2.64327765750327
variable 2,3.98380005012128
variable 2,6.6690173880946
variable 2,4.39095808345006
variable 2,4.44255771099604
variable 2,4.85619782010237
variable 2,4.57345882327135
variable 2,3.95200497246039
variable 2,4.37202765663846
variable 2,3.27076387070465
variable 2,4.59543404228285
variable 2,4.19175034676564
variable 2,3.87405583162858
variable 2,3.31697066802449
variable 2,1.75543894721229
variable 2,4.04400638644551
variable 2,4.73295812457811
variable 2,5.06488266769065
variable 2,4.71424588752924
variable 2,4.57714485060104
variable 2,3.38210712502589
variable 2,4.11862256757225
variable 2,3.06600507518045
variable 2,4.31006528274048
variable 2,5.06925629431003
variable 2,4.91155722049267
variable 2,4.5921656349774
variable 2,3.84008517462514
variable 2,2.80942501291609
variable 2,3.18383095247554
variable 2,4.55297562253916
variable 2,5.07272250379192
variable 2,3.46536147830368
variable 2,3.96359599113987
variable 2,4.83148251654042
variable 2,3.94414130474083
variable 2,4.08984553024626
variable 2,4.62832651024899
variable 2,3.23248961549123
variable 2,2.60645444828036
variable 2,4.1533737719586
variable 2,2.8998175746661
variable 2,4.50090100842449
variable 2,4.86308410822224
variable 2,2.963768082963
variable 2,4.50471515037215
variable 2,3.86628516288434
variable 2,3.98501682922081
variable 2,4.75094108949501
variable 2,4.49040271724779
variable 2,2.62504737576339
variable 2,2.26002614246914
variable 2,5.80277293051822
variable 2,4.22063936021018
variable 2,3.07963644182694
variable 2,3.55976921153519
variable 2,5.70482791748789
variable 2,2.61237774191346
variable 2,3.34549565316185
variable 2,2.86439616892527
variable 2,3.72359679178409
variable 2,3.56915775717088
variable 2,3.74204200542408
variable 2,5.27460009553632
variable 2,4.73866267853892
variable 2,3.70219394890368
variable 2,3.52466924742454
variable 2,4.6859930179646
variable 2,3.33007715949349
variable 2,3.17104215238952
variable 2,3.20125547150722
variable 2,4.68172051492659
variable 2,3.65409628970942
variable 2,3.12051329547179
variable 2,3.88419521824309
variable 2,4.84909703192798
variable 2,5.54248126551704
variable 2,2.59663968159011
variable 2,3.85661680056062
variable 2,4.23191027826733
variable 2,5.6252868981076
variable 2,1.74107095437678
variable 2,6.07056508776174
variable 2,5.28276157231583
variable 2,4.75504967045242
variable 2,1.65772266824258
variable 2,4.13051170056847
variable 2,3.62961527741702
variable 2,3.79004775393609
variable 2,6.0598581072695
variable 2,3.87367954564361
variable 2,3.25600084276851
variable 2,4.70364248563106
variable 2,3.22172374626842
variable 2,2.60595802256354
variable 2,6.64806991808888
variable 2,2.73149807418538
variable 2,2.65635809542417
variable 2,3.67884764080831
variable 2,3.34546764916297
variable 2,1.56714869942661
variable 2,3.1428737079587
variable 2,3.83178134936462
variable 2,5.13120591576654
variable 2,4.74957859023925
variable 2,3.86657971835758
variable 2,2.81882617931782
variable 2,3.8693708466287
variable 2,2.94025414399023
variable 2,2.17209835008007
variable 2,2.70454896291244
variable 2,5.80431634108542
variable 2,3.57371135835201
variable 2,4.32076069413954
variable 2,4.10178198694607
variable 2,4.90767657946574
variable 2,3.9050773783803
variable 2,3.8404093536067
variable 2,4.59122974118349
variable 2,3.28589800049913
variable 2,3.24469738266209
variable 2,2.66023119760878
variable 2,4.5374675429094
variable 2,4.22349063289708
variable 2,3.26018101727071
variable 2,4.42772152309455
variable 2,4.26228871995274
variable 2,5.16238856039061
variable 2,4.69523519899287
variable 2,2.93083594615915
variable 2,4.52881999467929
variable 2,3.89264388867354
variable 2,1.75665436825712
variable 2,3.06411378348578
variable 2,3.37375616202929
variable 2,3.33123071473586
variable 2,3.62058004012785
variable 2,3.64078232219769
variable 2,4.85287853414747
variable 2,3.14374212460684
variable 2,4.46460269396352
variable 2,3.08558911124939
variable 2,4.25299919087401
variable 2,5.44302672058432
variable 2,3.41325770408934
variable 2,4.92704015433294
variable 2,4.08050814383118
variable 2,1.25210956323382
variable 2,3.77443907296873
variable 2,4.01415534276904
variable 2,4.2701585145874
variable 2,4.68380030850727
variable 2,3.69689752933118
variable 2,4.26478254763399
variable 2,4.01117033517546
variable 2,4.70854941401082
variable 2,3.86797254669481
variable 2,3.05754203006519
variable 2,3.24433033598231
variable 2,5.83824334138123
variable 2,4.17400386191461
variable 2,2.7442115533481
variable 2,4.06021551272561
variable 2,3.47969841330308
variable 2,3.61368613037147
variable 2,4.09571067824495
variable 2,4.44742581691805
variable 2,4.54531636877615
variable 2,3.2891134997808
variable 2,4.45216365867885
variable 2,3.21431237485159
variable 2,3.36122822913423
variable 2,2.92439554382525
variable 2,3.77441578183842
variable 2,3.76970503517883
variable 2,2.77852811630358
variable 2,2.42582467395043
variable 2,5.15396154919223
variable 2,3.90479110712221
variable 2,4.78069990409575
variable 2,4.21267534496662
variable 2,2.74136123323698
variable 2,3.27813945631767
variable 2,5.29848222712117
variable 2,5.32514586586198
variable 2,3.82510508453949
variable 2,4.81368572336506
variable 2,3.67346953783527
variable 2,5.17643382433956
variable 2,3.45255313230501
variable 2,3.45095190051741
variable 2,2.95660229831864
variable 2,3.76566172652457
variable 2,4.64564706759233
variable 2,3.80624328484108
variable 2,4.62442485653397
variable 2,5.22013666773772
variable 2,4.70627756434427
variable 2,3.77716050375096
variable 2,3.73317401112327
variable 2,4.49167598083419
variable 2,4.82068628166964
variable 2,2.96689929069279
variable 2,3.3508172438745
variable 2,4.56613624005424
variable 2,4.26327160185945
variable 2,2.8518031194032
variable 2,4.74947925711203
variable 2,4.09432690521208
variable 2,3.61654494755605
variable 2,4.46016696346869
variable 2,4.76946204762591
variable 2,2.24362459953442
variable 2,4.56675017482456
variable 2,1.64426667402479
variable 2,3.46344715362581
variable 2,2.49874379964974
variable 2,4.95687419055584
variable 2,4.79252643586848
variable 2,3.52067138075215
variable 2,2.39599802542716
variable 2,4.33008620631285
variable 2,3.20034196722749
variable 2,2.97838414707859
variable 2,2.45050213442371
variable 2,3.38336574920916
variable 2,4.0687737026197
variable 2,2.09917317925361
variable 2,2.72071658765059
variable 2,3.32571138021126
variable 2,4.46716152738889
variable 2,3.12005866268191
variable 2,4.51588446394813
variable 2,2.67720441478769
variable 2,5.83556940618181
variable 2,4.159600264742
variable 2,3.70491285882899
variable 2,4.61000855710149
variable 2,2.43894966838946
variable 2,2.78899039037966
variable 2,3.61404848295946
variable 2,4.48088819194621
variable 2,3.95904126117395
variable 2,5.72071257567839
variable 2,3.8328808257382
variable 2,4.34522361909472
variable 2,4.30993429353616
variable 2,4.22629332087336
variable 2,3.42751948538598
variable 2,3.20066941184682
variable 2,3.13660239991581
variable 2,2.72729354900796
variable 2,4.9778914797168
variable 2,4.54407406856257
variable 2,4.14424242281366
variable 2,3.5497239915095
variable 2,4.29853777864852
variable 2,4.17503832247591
variable 2,4.33664934215583
variable 2,5.08311846277689
variable 2,3.38833335851137
variable 2,2.6116197424059
variable 2,3.6994633658212
variable 2,5.0814875769566
variable 2,4.12068908018424
variable 2,5.013521836077
variable 2,4.58081060903987
variable 2,2.87599142425317
variable 2,5.04153817577397
variable 2,4.20038225491883
variable 2,5.36261570333622
variable 2,3.91775012944213
variable 2,3.4607371943248
variable 2,3.17149900224243
variable 2,5.72144069881365
variable 2,4.74023583105067
variable 2,4.02168250481216
variable 2,4.31050162908127
variable 2,5.60800392820641
variable 2,3.28649502250446
variable 2,3.23385679725138
variable 2,5.34434289462365
variable 2,3.40729796006084
variable 2,3.85076484605878
variable 2,3.35745925865511
variable 2,3.53672228274685
variable 2,3.2083332547507
variable 2,4.53338774911634
variable 2,5.58104404140571
variable 2,4.63711443944993
variable 2,5.33250640185968
variable 2,2.17852151138076
variable 2,4.60668463647335
variable 2,4.13131090436911
variable 2,4.43255442359394
variable 2,4.36174765168743
variable 2,2.78919241952748
variable 2,4.23683534716692
variable 2,3.11680274304767
variable 2,3.84227827417556
variable 2,5.12958341283653
variable 2,4.45764896704152
variable 2,5.50788630935339
variable 2,3.24878306091882
variable 2,2.95167640349231
variable 2,4.04151693983027
variable 2,3.31369069557069
variable 2,3.54705499648382
variable 2,2.99575803654724
variable 2,4.15122310054075
variable 2,4.60780244088961
variable 2,3.40562194690298
variable 2,5.55855095312984
variable 2,0.99026898001381
variable 2,3.79147247831165
variable 2,5.20777996386848
variable 2,4.88107706073967
variable 2,3.98394889835078
variable 2,4.67578203341043
variable 2,2.23783044843607
variable 2,4.55941461127701
variable 2,5.12860645690969
variable 2,4.9135008248684
variable 2,3.5081642652034
variable 2,4.22197398854883
variable 2,3.38037116254722
variable 2,4.94334495525192
variable 2,3.94506676856033
variable 2,4.38855268742246
variable 2,4.15750219024216
variable 2,4.66385871110194
variable 2,2.10061148779139
variable 2,2.91273793734905
variable 2,4.1480081019734
variable 2,2.64438560605052
variable 2,4.17602539756335
variable 2,3.69185444606495
variable 2,4.19443845023768
variable 2,2.44564581995189
variable 2,5.64213823635679
variable 2,4.99873621685632
variable 2,3.92752975873272
variable 2,3.1088522900305
variable 2,5.00792828115522
variable 2,4.36211608703828
variable 2,2.89054402264884
variable 2,3.95373680486482
variable 2,4.26206342182037
variable 2,4.47332173232433
variable 2,3.76350877541632
variable 2,3.19240235548807
variable 2,2.97766124339882
variable 2,3.67612948480439
variable 2,5.16199825189535
variable 2,2.67050306680982
variable 2,4.37498834438776
variable 2,3.0335637485441
variable 2,2.46497943684578
variable 2,3.28668844489634
variable 2,3.39384522793832
variable 2,5.21432743931171
variable 2,5.4832195321735
variable 2,4.90530558959242
variable 2,2.79201077598119
variable 2,3.7342126087159
variable 2,3.03180817992892
variable 2,5.46505037186903
variable 2,4.30597055372171
variable 2,2.89581696591958
variable 2,3.99372403499717
variable 2,3.76137211203946
variable 2,3.95493803669226
variable 2,2.93261162682781
variable 2,4.78315788957956
variable 2,4.61011826795511
variable 2,3.6293352747207
variable 2,4.49372944036594
variable 2,4.50367035757202
variable 2,4.26214435056136
variable 2,4.77988335241255
variable 2,5.02256016454576
variable 2,4.32965540154175
variable 2,4.19747452949287
variable 2,2.79623462279098
variable 2,3.51600676402198
variable 2,4.95819919589043
variable 2,4.264965506618
variable 2,3.19954855257092
variable 2,5.83319667258012
variable 2,3.07278165837968
variable 2,2.84305983004351
variable 2,3.93103968520589
variable 2,3.69394800496717
variable 2,5.06067374751431
variable 2,4.11612273652569
variable 2,4.77107309619784
variable 2,5.8344278675705
variable 2,6.20610022582634
variable 2,2.94643779143752
variable 2,4.82649898524156
variable 2,5.23838249839822
variable 2,2.7133420613383
variable 2,3.63718698869754
variable 2,4.53728498227572
variable 2,3.63001514837048
variable 2,1.53925571448197
variable 2,4.25755328788205
variable 2,4.03647840570593
variable 2,4.80417325573943
variable 2,4.90649124911063
variable 2,3.83265807027607
variable 2,4.64829495801713
variable 2,4.11778685878165
variable 2,2.97578345182362
variable 2,2.09605002285071
variable 2,4.36226532186154
variable 2,4.02608873276806
variable 2,6.22824506115542
variable 2,3.4498943794518
variable 2,3.29835408796579
variable 2,4.32624959416328
variable 2,4.90322666874213
variable 2,4.38704139209742
variable 2,4.20712162615109
variable 2,4.35820668265807
variable 2,3.72506863456728
variable 2,4.03728046607836
variable 2,3.5285561569464
variable 2,4.62158514066786
variable 2,5.83705060494348
variable 2,4.61312241816273
variable 2,4.93334305920547
variable 2,3.29186855030416
variable 2,4.8526344969574
variable 2,4.08951392748202
variable 2,2.83206794371461
variable 2,6.69117892629632
variable 2,6.12675810544903
variable 2,2.0478224428096
variable 2,5.22282307340657
variable 2,5.76375831528005
variable 2,5.21523714120059
variable 2,4.68230760276584
variable 2,3.11062012057515
variable 2,3.8854662085379
variable 2,4.69177492440091
variable 2,3.96219477795994
variable 2,4.86645882469235
variable 2,3.44545540831258
variable 2,3.5194114719044
variable 2,4.98561825050971
variable 2,5.21522797117029
variable 2,4.16537699352201
variable 2,4.13118932140386
variable 2,5.1343208228929
variable 2,3.65933115985767
variable 2,4.23223262636394
variable 2,4.09928358848231
variable 2,3.93013142404119
variable 2,3.83615472782091
variable 2,3.91372913628725
variable 2,4.58109750169728
variable 2,3.61712566513452
variable 2,2.71965392336359
variable 2,5.42138132602893
variable 2,2.33142425251317
variable 2,3.17587263819764
variable 2,3.23344269615126
variable 2,3.11391988339955
variable 2,5.11913483538592
variable 2,2.24056110353286
variable 2,3.3947312641662
variable 2,5.03211255988346
variable 2,3.54251229483888
variable 2,3.52036800172313
variable 2,2.62588036836499
variable 2,3.52080034277126
variable 2,5.29202249014717
variable 2,3.37053218023272
variable 2,3.46816120081831
variable 2,3.45361886700871
variable 2,2.34381324017798
variable 2,2.56364873766458
variable 2,4.71028812494519
variable 2,1.88051023591337
variable 2,5.47416681574974
variable 2,4.64764705182203
variable 2,4.3704326608943
variable 2,4.16992456267013
variable 2,3.58220181007215
variable 2,4.53674559624478
variable 2,3.52992850898347
variable 2,1.82891032354679
variable 2,3.07535366181673
variable 2,4.26923292861021
variable 2,3.52009873852261
variable 2,5.770010613052
variable 2,3.42181255023772
variable 2,4.84496127338773
variable 2,3.56761358079042
variable 2,4.53481963119943
variable 2,5.60031853210726
variable 2,2.92406312077574
variable 2,4.39099244196296
variable 2,6.01612582318756
variable 2,3.61599841236721
variable 2,4.1111891528918
variable 2,3.91180290040716
variable 2,3.46858250695384
variable 2,4.46445782371734
variable 2,2.67507989100948
variable 2,4.46117839173114
variable 2,4.74696376335737
variable 2,3.4184862912645
variable 2,3.24454113631426
variable 2,4.57129072049615
variable 2,2.82332550339626
variable 2,2.78726239722325
variable 2,1.47687135830876
variable 2,3.73577715438908
variable 2,4.3946847950581
variable 2,4.4743059122762
variable 2,4.35303990001541
variable 2,2.66354518123465
variable 2,3.81924054007042
variable 2,3.38443028971557
variable 2,3.7562922215457
variable 2,6.96423311195863
variable 2,3.89695941439327
variable 2,4.5828563119713
variable 2,4.9852097934865
variable 2,3.50214819392518
variable 2,3.53831250358511
variable 2,2.29524964240655
variable 2,3.96335915842317
variable 2,1.44932368675905
variable 2,4.21813674755926
variable 2,4.74979574724758
variable 2,4.71754356581116
variable 2,5.49714910603624
variable 2,4.7930994695749
variable 2,4.61573396928532
variable 2,2.56332020588862
variable 2,2.95548491879588
variable 2,3.77230290465476
variable 2,4.98143785481939
variable 2,3.56363989294856
variable 2,3.55065396801214
variable 2,4.73937651103805
variable 2,4.30231840480772
variable 2,2.60413319357863
variable 2,2.06613250368052
variable 2,5.13625537124036
variable 2,3.48136154260762
variable 2,6.47517521844831
variable 2,2.92731440018657
variable 2,5.04551133105752
variable 2,2.86351713496212
variable 2,4.7523464406764
variable 2,4.27891548637163
variable 2,2.69618370005337
variable 2,6.31134537161063
variable 2,4.04166937995478
variable 2,1.62504378028498
variable 2,3.46171251931862
variable 2,3.6188664989187
variable 2,4.26004136612389
variable 2,5.50878188399732
variable 2,3.01723847657771
variable 2,3.70455206562476
variable 2,2.44692747872421
variable 2,3.05453304567046
variable 2,3.01971131142149
variable 2,3.76872249854122
variable 2,2.87861211505809
variable 2,4.66280431554361
variable 2,3.73297114707905
variable 2,2.94480189690947
variable 2,3.09118973094835
variable 2,5.15245979322195
variable 2,3.62474415260476
variable 2,3.25781946279844
variable 2,4.88290596148206
variable 2,2.72329619915538
variable 2,3.3094067311814
variable 2,2.83254685697218
variable 2,4.03709289538525
variable 2,3.31521582752996
variable 2,4.26269755481215
variable 2,4.20462989451223
variable 2,4.30728230182286
variable 2,3.47899157317083
variable 2,5.42773821475495
variable 2,4.13258446876803
variable 2,3.25668226137345
variable 2,3.84910425462503
variable 2,4.31741287351839
variable 2,4.38739169013066
variable 2,5.77047494483057
variable 2,4.48752581901282
variable 2,3.85162244196605
variable 2,3.9682057740186
variable 2,5.25474989886427
variable 2,4.11747026750313
variable 2,6.02795245239624
variable 2,2.91413692300487
variable 2,5.07980058294115
variable 2,4.73701318236108
variable 2,4.12163898586562
variable 2,5.55853914536569
variable 2,3.91018668274225
variable 2,1.89122749015339
variable 2,5.83283416067762
variable 2,4.61893618831346
variable 2,3.96484643284704
variable 2,3.24106094230435
variable 2,4.75606215054119
variable 2,4.78393515597056
variable 2,4.82175665210082
variable 2,2.71119452789071
variable 2,3.42115846037898
variable 2,2.77248046910466
variable 2,4.17329004391636
variable 2,2.19866763205607
variable 2,4.11089665246367
variable 2,4.62033845330054
variable 2,4.31659144929584
variable 2,1.90340838946303
variable 2,2.52000517811696
variable 2,4.86591388545473
variable 2,3.76513974270003
variable 2,4.1560314105107
variable 2,4.16939200190744
variable 2,4.27503358456088
variable 2,4.17044749957709
variable 2,3.98453590922923
variable 2,4.90982174429767
variable 2,6.09507232383576
variable 2,6.06151608487555
variable 2,4.72710976844128
variable 2,4.21731481150285
variable 2,1.54442449631662
variable 2,4.12265352428763
variable 2,3.48034229890769
variable 2,5.2763967111388
variable 2,1.98560150561547
variable 2,5.27545345680946
variable 2,3.48101586637265
variable 2,3.62552930070947
variable 2,5.88823921680562
variable 2,4.50198024988547
variable 2,3.76231725169906
variable 2,2.78842235060945
variable 2,4.21411045994389
variable 2,3.41295576577601
variable 2,5.10569822621486
variable 2,3.2932242928932
variable 2,4.16584720436908
variable 2,4.97812290287887
variable 2,3.2977380993149
variable 2,4.8151271716602
variable 2,3.60777598109747
variable 2,6.15226006153642
variable 2,3.82501765806057
variable 2,2.17317966671149
variable 2,2.62714189477489
variable 2,3.89834232036275
variable 2,4.35321147255549
variable 2,4.21452045398382
variable 2,3.31382386229728
variable 2,2.65149053851681
variable 2,2.26254047895914
variable 2,3.99399557032903
variable 2,5.14163273649791
variable 2,5.01622291253575
variable 2,2.47836157768143
variable 2,4.51893048154682
variable 2,5.5561207630383
variable 2,4.96073887845281
variable 2,4.67826864095972
variable 2,6.41024164759202
variable 2,3.81055434925645
variable 2,3.93640620824516
variable 2,2.26252031265043
variable 2,2.60357183881144
variable 2,4.82068388627664
variable 2,3.92527046846192
variable 2,4.14124422105895
variable 2,4.6394236209317
variable 2,4.07001480741221
variable 2,2.68609141536546
variable 2,4.91413704508624
variable 2,2.52807425624408
variable 2,2.79484146223311
variable 2,3.61327624007178
variable 2,3.90509197311561
variable 2,4.63527965630582
variable 2,2.59894546166403
variable 2,4.73000141514629
variable 2,4.88878468890445
variable 2,4.19774210660373
variable 2,4.6776147242568
variable 2,4.7198932343328
variable 2,3.96316282015643
variable 2,5.41123773507356
variable 2,3.29747090659409
variable 2,4.28518240094712
variable 2,3.12246571915479
variable 2,2.36769334116732
variable 2,4.61135105633963
variable 2,5.21276475182054
variable 2,3.86511218181117
variable 2,6.17478726394127
variable 2,2.00766010999699
variable 2,3.30668432617802
variable 2,3.88154846744785
variable 2,6.40512607712403
variable 2,4.12588389978592
variable 2,4.27511444990566
variable 2,4.40500192038884
variable 2,4.78623454570781
variable 2,3.91862138053436
variable 2,6.13753166951302
variable 2,3.8238832682702
variable 2,5.18575776741209
variable 2,3.85034843167762
variable 2,3.15976624998382
variable 2,3.93509620292349
variable 2,2.52424608228197
variable 2,3.11590804637585
variable 2,5.45949743744997
variable 2,4.4261875894052
variable 2,3.07596165781302
variable 2,3.48762773207571
variable 2,4.27411576546989
variable 2,4.34836494189721
variable 2,1.99772946267669
variable 2,3.42439977396854
variable 2,4.40750516633189
variable 2,3.95409750955912
variable 2,3.74739487802092
variable 2,2.43825260457451
variable 2,4.06627071123806
variable 2,4.64634660839154
variable 2,3.47065969636248
variable 2,3.46027470214983
variable 2,3.19635659248686
variable 2,6.36153640668613
variable 2,5.24604608633957
variable 2,4.05823571820507
variable 2,5.2248035273192
variable 2,5.82179757537179
variable 2,2.01136691468931
variable 2,5.3915174682974
variable 2,3.64030137904322
variable 2,3.7904676737778
variable 2,3.03839502970028
variable 2,3.10828335299036
variable 2,2.80618289980072
variable 2,3.6057812175497
variable 2,3.98565471839628
variable 2,4.25010703308328
variable 2,5.59969695238113
variable 2,5.31633976210107
variable 2,3.1420355782497
variable 2,2.7833926067038
variable 2,3.78880498311999
variable 2,3.26117029254512
variable 2,4.23414501439723
variable 2,3.17353336450604
variable 2,3.38791781876974
